<?xml version="1.0" encoding="UTF-8" standalone="yes"?>
<configurationModel xmlns="ck.v20090401">
  <configuration xmlns="">
    <expression>ResearchGroup</expression>
    <transformation>
      <name>selectUseCases</name>
      <args>SC_01, SC_02, SC_02_01, SC_03, SC_04, SC_04_01, SC_05, SC_06</args>
    </transformation>
  </configuration>
  <configuration xmlns="">
    <expression>ResearchLine</expression>
    <transformation>
      <name>selectUseCases</name>
      <args>SC_08, SC_09, SC_10, SC_11, SC_12</args>
    </transformation>
  </configuration>
  <configuration xmlns="">
    <expression>ResearchGroupHierarchy</expression>
    <transformation>
      <name>evaluateAspects</name>
      <args>ADV_03_1</args>
    </transformation>
  </configuration>
  <configuration xmlns="">
    <expression></expression>
    <transformation>
      <name>evaluateAspects</name>
      <args>ADV_09_1</args>
    </transformation>
  </configuration>
  <configuration xmlns="">
    <expression>And(ResearchGroup, Member)</expression>
    <transformation>
      <name>evaluateAspects</name>
      <args>ADV_02_1</args>
    </transformation>
  </configuration>
  <configuration xmlns="">
    <expression>And(ResearchLine,Publication)</expression>
    <transformation>
      <name>evaluateAspects</name>
      <args>ADV_11_1</args>
    </transformation>
  </configuration>
</configurationModel>