<?xml version="1.0" encoding="UTF-8" standalone="yes"?>
<configurationModel xmlns="ck.v20090401">
  <configuration xmlns="">
    <expression>defaultValues</expression>
    <transformation>
      <name>createBuildEntries</name>
      <args>default_values</args>
    </transformation>
  </configuration>
  <configuration xmlns="">
    <expression>member</expression>
    <transformation>
      <name>selectAndMoveComponent</name>
      <args> memberController, rgms\grails-app\controllers\rgms\MemberController.groovy</args>
    </transformation>
  </configuration>
  <configuration xmlns="">
    <expression>member</expression>
    <transformation>
      <name>preprocessFiles</name>
      <args>rgms\grails-app\controllers\rgms\MemberController.groovy</args>
    </transformation>
  </configuration>
  <configuration xmlns="">
    <expression>defaultValues</expression>
    <transformation>
      <name>selectAndMoveComponent</name>
      <args>defaultPropertiesFile, rgms\grails-app\conf\DefaultValues.properties</args>
    </transformation>
  </configuration>
  <configuration xmlns="">
    <expression>defaultValues</expression>
    <transformation>
      <name>selectAndMoveComponent</name>
      <args>defaultValueManager, rgms\grails-app\domain\rgms\DefaultValueManager.groovy</args>
    </transformation>
  </configuration>
  <configuration xmlns="">
    <expression>researchGroupHierarchy</expression>
    <transformation>
      <name>createBuildEntries</name>
      <args>researchGroupHierarchy</args>
    </transformation>
  </configuration>
  <configuration xmlns="">
    <expression>researchGroup</expression>
    <transformation>
      <name>selectAndMoveComponent</name>
      <args>researchGroupController , rgms\grails-app\controllers\rgms\ResearchGroupController.groovy</args>
    </transformation>
  </configuration>
  <configuration xmlns="">
    <expression>researchGroup</expression>
    <transformation>
      <name>selectAndMoveComponent</name>
      <args>researchGroupShow, rgms\grails-app\views\researchGroup\show.gsp</args>
    </transformation>
  </configuration>
  <configuration xmlns="">
    <expression>researchGroup</expression>
    <transformation>
      <name>preprocessFiles</name>
      <args>rgms\grails-app\views\researchGroup\show.gsp</args>
    </transformation>
  </configuration>
  <configuration xmlns="">
    <expression>researchGroup</expression>
    <transformation>
      <name>selectAndMoveComponent</name>
      <args>researchGroupList, rgms\grails-app\views\researchGroup\list.gsp</args>
    </transformation>
  </configuration>
  <configuration xmlns="">
    <expression>researchGroup</expression>
    <transformation>
      <name>preprocessFiles</name>
      <args>rgms\grails-app\views\researchGroup\list.gsp</args>
    </transformation>
  </configuration>
  <configuration xmlns="">
    <expression>researchGroup</expression>
    <transformation>
      <name>selectAndMoveComponent</name>
      <args>researchGroupDomain, rgms\grails-app\domain\rgms\ResearchGroup.groovy</args>
    </transformation>
  </configuration>
  <configuration xmlns="">
    <expression>researchGroup</expression>
    <transformation>
      <name>preprocessFiles</name>
      <args>rgms\grails-app\domain\rgms\ResearchGroup.groovy</args>
    </transformation>
  </configuration>
  <configuration xmlns="">
    <expression>researchLine</expression>
    <transformation>
      <name>selectAndMoveComponent</name>
      <args>researchLineController , rgms\grails-app\controllers\rgms\ResearchLineController.groovy</args>
    </transformation>
  </configuration>
  <configuration xmlns="">
    <expression>researchLine</expression>
    <transformation>
      <name>selectAndMoveComponent</name>
      <args>researchLineEdit, rgms\grails-app\views\researchLine\edit.gsp</args>
    </transformation>
  </configuration>
  <configuration xmlns="">
    <expression>researchLine</expression>
    <transformation>
      <name>selectAndMoveComponent</name>
      <args>researchLineCreate, rgms\grails-app\views\researchLine\create.gsp</args>
    </transformation>
  </configuration>
    <configuration xmlns="">
    <expression>researchLine</expression>
    <transformation>
      <name>selectAndMoveComponent</name>
      <args>researchLineList, rgms\grails-app\views\researchLine\list.gsp</args>
    </transformation>
  </configuration>
  <configuration xmlns="">
    <expression>researchLine</expression>
    <transformation>
      <name>selectAndMoveComponent</name>
      <args>researchLineShow, rgms\grails-app\views\researchLine\show.gsp</args>
    </transformation>
  </configuration>
  <configuration xmlns="">
    <expression>researchLine</expression>
    <transformation>
      <name>selectAndMoveComponent</name>
      <args>researchLineDomain,  rgms\grails-app\domain\rgms\ResearchLine.groovy</args>
    </transformation>
  </configuration>
  <configuration xmlns="">
    <expression>researchLine</expression>
    <transformation>
      <name>selectAndMoveComponent</name>
      <args>researchLineController,  rgms\grails-app\controllers\rgms\ResearchLineController.groovy</args>
    </transformation>
  </configuration>
  <configuration xmlns="">
    <expression>researchGroup</expression>
    <transformation>
      <name>selectAndMoveComponent</name>
      <args>researchGroupEdit, rgms\grails-app\views\researchGroup\edit.gsp</args>
    </transformation>
  </configuration>
  <configuration xmlns="">
    <expression>researchGroup</expression>
    <transformation>
      <name>selectAndMoveComponent</name>
      <args>researchGroupCreate,  rgms\grails-app\views\researchGroup\create.gsp</args>
    </transformation>
  </configuration>
</configurationModel>
