<?xml version="1.0" encoding="UTF-8" standalone="yes"?>
<configurationModel xmlns="ck.v20090401">
  <configuration xmlns="">
    <expression>researchGroup</expression>
    <transformation>
      <name>selectUseCases</name>
      <args>UC_01,UC_02,UC_03,UC_04,UC_05,UC_06</args>
    </transformation>
  </configuration>
  <configuration xmlns="">
    <expression>researchLine</expression>
    <transformation>
      <name>selectUseCases</name>
      <args>UC_08, UC_09, UC_10, UC_11, UC_12</args>
    </transformation>
  </configuration>
  <configuration xmlns="">
    <expression>researchGroupHierarchy</expression>
    <transformation>
      <name>evaluateAspects</name>
      <args>ADV_03_1</args>
    </transformation>
  </configuration>
</configurationModel>