<feature min="1" max="1" name="RGMS" type="NONE" id="rGMS">
  <feature min="0" max="1" name="ResearchLine" type="NONE" id="researchLine">
  </feature>
  <feature min="1" max="1" name="ResearchGroup" type="NONE" id="researchGroup">
  </feature>
  <feature min="1" max="1" name="Member" type="NONE" id="member">
  </feature>
  <feature min="0" max="1" name="ResearchGroupHierarchy" type="NONE" id="researchGroupHierarchy">
  </feature>
  <feature min="0" max="1" name="DefaultValues" type="NONE" id="defaultValues">
  </feature>
</feature>
