<?xml version="1.0" encoding="UTF-8" standalone="no"?>
<phone>
  <feature>
    <featureId>2</featureId>
    <name>Research Group</name>
    <useCase>
      <id>UC_01</id>
      <name>List Research Groups</name>
      <description>This use case describes the common behavior related to listing the research groups.</description>
      <setup>The user is on the start page.</setup>
      <flow>
        <id>SC_01</id>
        <description>Lists the registered research groups.</description>
        <fromSteps>START</fromSteps>
        <toSteps>END</toSteps>
        <step>
          <stepId>1M</stepId>
          <action>Select the Research Group option.</action>
          <condition>-</condition>
          <response>The system lists all the research groups registered.</response>
        </step>
      </flow>
    </useCase>
    <useCase>
      <id>UC_02</id>
      <name>Create Research Group</name>
      <description>This use case describes the common behavior related to creating the research groups.</description>
      <setup>-</setup>
      <flow>
        <id>SC_02</id>
        <description>Register a new research group.</description>
        <fromSteps>UC_01#1M</fromSteps>
        <toSteps>END</toSteps>
        <step>
          <stepId>1M</stepId>
          <action>Select option New Research Group</action>
          <condition>-</condition>
          <response>Displays the research group creation screen.</response>
        </step>
        <step>
          <stepId>2M</stepId>
          <action>Fill the group info fields, filter the members by research group, select the members and click on the save button. </action>
          <condition>The user is on the research group creation screen.</condition>
          <response>Creates the group and displays the created group detail screen. </response>
        </step>
      </flow>
      <flow>
        <id>SC_02_01</id>
        <description>The user tries to create a Research Group with invalid data.</description>
        <fromSteps>1M</fromSteps>
        <toSteps>END</toSteps>
        <step>
          <stepId>1M</stepId>
          <action>Input invalid data and click Save.   </action>
          <condition>The user is on the research group creation screen.</condition>
          <response>Displays an error message informing the fields that are invalid. </response>
        </step>
      </flow>
    </useCase>
    <useCase>
      <id>UC_03</id>
      <name>Detail Research Group</name>
      <description>This use case describes the common behavior related to view a research group info.</description>
      <setup>The user must have registered the research group previously</setup>
      <flow>
        <id>SC_03</id>
        <description>View the info of a research group.</description>
        <fromSteps>UC_01#1M</fromSteps>
        <toSteps>END</toSteps>
        <step>
          <stepId>1M</stepId>
          <action>Select a Research Group     </action>
          <condition>The user is viewing the research group list.</condition>
          <response>Displays the research group detail screen. </response>
        </step>
      </flow>
    </useCase>
    <useCase>
      <id>UC_04</id>
      <name>Edit Research Group</name>
      <description>This use case describes the common behavior related to editing a research group.</description>
      <setup>The user must have registered the research group previously</setup>
      <flow>
        <id>SC_04</id>
        <description>Edit a research group.</description>
        <fromSteps>UC_03#1M</fromSteps>
        <toSteps>END</toSteps>
        <step>
          <stepId>1M</stepId>
          <action>Select the option Edit</action>
          <condition>The user is viewing the research group detail.</condition>
          <response>Displays the research group edit screen. </response>
        </step>
        <step>
          <stepId>2M</stepId>
          <action>Change the group info fields and click on the update button. </action>
          <condition>The user is on the research group edit screen.</condition>
          <response>Updates the group and displays the created group detail screen. </response>
        </step>
      </flow>
      <flow>
        <id>SC_04_01</id>
        <description>The user tries to save a group with invalid data.</description>
        <fromSteps>1M</fromSteps>
        <toSteps>END</toSteps>
        <step>
          <stepId>1M</stepId>
          <action>Input invalid data and click Save.</action>
          <condition>The user is on the research group edit screen.</condition>
          <response>Displays an error message informing the fields that are invalid.</response>
        </step>
      </flow>
    </useCase>
    <useCase>
      <id>UC_05</id>
      <name>Remove Research Group</name>
      <description>This use case describes the common behavior related to removing a research group.</description>
      <setup>The user must have registered the research group previously</setup>
      <flow>
        <id>SC_05</id>
        <description>Remove a research group.</description>
        <fromSteps>UC_03#1M</fromSteps>
        <toSteps>END</toSteps>
        <step>
          <stepId>1M</stepId>
          <action>Select the option Delete</action>
          <condition>The user is viewing the research group detail.</condition>
          <response>Displays a confirmation popup. </response>
        </step>
        <step>
          <stepId>2M</stepId>
          <action>The user confirms.</action>
          <condition>The user is viewing the confirmation popup.</condition>
          <response>Removes the group and displays the research group list screen. </response>
        </step>
      </flow>
    </useCase>
    <useCase>
      <id>UC_06</id>
      <name>Research result inference</name>
      <description>This use case describes the common behavior related to research group display the Research results of a group.</description>
      <setup>The user must have researches related to the research group.</setup>
      <flow>
        <id>SC_06</id>
        <description>Displays the researches related to a research group.</description>
        <fromSteps>UC_03#1M</fromSteps>
        <toSteps>END</toSteps>
        <step>
          <stepId>1M</stepId>
          <action>Press the option List researches</action>
          <condition>The user is viewing the research group detail.</condition>
          <response>The system automatically searches and displays the researches on the research group detail screen. </response>
        </step>
      </flow>
    </useCase>
    <useCase>
      <id>UC_08</id>
      <name>List research lines</name>
      <description>This use case describes the activities related to the listing of research lines.</description>
      <setup>-</setup>
      <flow>
        <id>SC_08</id>
        <description>List all research lines.</description>
        <fromSteps>START</fromSteps>
        <toSteps>END</toSteps>
        <step>
          <stepId>1M</stepId>
          <action>Select Research Lines.</action>
          <condition>-</condition>
          <response>The system displays a list of all the research lines registered in the system. </response>
        </step>
      </flow>
    </useCase>

    <useCase>
      <id>UC_09</id>
      <name>Show research line</name>
      <description>This use case describes the activities related to the show information about a research line.</description>
      <setup>-</setup>
      <flow>
        <id>SC_09</id>
        <description>Show details about research lines.</description>
        <fromSteps>UC08#1M</fromSteps>
        <toSteps>END</toSteps>
        <step>
          <stepId>1M</stepId>
          <action>Select one research research line.</action>
          <condition>-</condition>
          <response>The system displays the data of the selected research line.</response>
        </step>
      </flow>
    </useCase>
    <useCase>
      <id>UC_10</id>
      <name>Create a research line</name>
      <description>This use case describes the activities related to the creation of  research line.</description>
      <setup>-</setup>
      <flow>
        <id>SC_10</id>
        <description>Creates a research line.</description>
        <fromSteps>UC_08#1M</fromSteps>
        <toSteps>END</toSteps>
        <step>
          <stepId>1M</stepId>
          <action>Click on New Research Line.</action>
          <condition>-</condition>
          <response>The system displays a form to fill out the new research line data.</response>
        </step>
        <step>
          <stepId>-</stepId>
          <action>Fill out the research line data, selecting its publications, and then, press on Create button.</action>
          <condition>-</condition>
          <response>The system validates the data and displays a success message.</response>
        </step>
      </flow>
    </useCase>
    <useCase>
      <id>UC_11</id>
      <name>Edit a research line</name>
      <description>This use case describes the activities related to the edition of  research line.</description>
      <setup>-</setup>
      <flow>
        <id>SC_11</id>
        <description>Edit a research line.</description>
        <fromSteps>UC_09#1M</fromSteps>
        <toSteps>END</toSteps>
        <step>
          <stepId>1M</stepId>
          <action>Click on Edit</action>
          <condition>-</condition>
          <response>The system displays a form to update the research line data.</response>
        </step>
        <step>
          <stepId>2M</stepId>
          <action>Edit the fields and then press the Update button</action>
          <condition>-</condition>
          <response>The system shows a message of success.</response>
        </step>
      </flow>
    </useCase>
    <useCase>
      <id>UC_12</id>
      <name>Remove a research line</name>
      <description>In the research line removal the user can remove a research line, thus the relation with its publication must be undo.</description>
      <setup>-</setup>
      <flow>
        <id>SC_12</id>
        <description>Remove a research line.</description>
        <fromSteps>UC_09#1M</fromSteps>
        <toSteps>END</toSteps>
        <step>
          <stepId>1M</stepId>
          <action>Click on Delete</action>
          <condition>-</condition>
          <response>The system displays a message of success.</response>
        </step>
      </flow>
    </useCase>
    <aspect>
      <id>ADV_03_1</id>
      <name>Create research group hierarchy</name>
      <advice>
        <id>ADV_03_01</id>
        <type>After</type>
        <description>Creates a research group hierarchy.</description>
        <pointCut>UC_04#1M, UC_02#1M</pointCut>
        <step>
          <stepId>1M</stepId>
          <action>-</action>
          <condition>-</condition>
          <response>The system show an additional field, where the user can set the research group father.</response>
        </step>
      </advice>
    </aspect>
  </feature>
</phone>